name,pubchem_cid,expected_category,evidence,source_refs,smiles,composite_score,rank_in_expected_category,expected_category_size,score_KEAP1,score_MRGPRX2,score_KIT,score_HRH1,score_HRH2,score_CYSLTR1,score_BTK,has_warhead,warheads,hERG_score,AMES_score,BBB_score,error
Azelastine,2267,rescue,H1 antagonist + documented mast cell stabilizer; approved as intranasal/ophthalmic anti-allergic.,['Bernstein 2007'],CN1CCCC(n2nc(Cc3ccc(Cl)cc3)c3ccccc3c2=O)CC1,0.4019,11,14,0.115,0.077,0.194,0.216,0.107,0.15,0.198,False,,0.821,0.435,0.75,
Olopatadine,5281071,rescue,Dual H1 antagonist + mast cell stabilizer; topical ophthalmic/nasal anti-allergic.,['Sharif 1996'],CN(C)CCC=C1c2ccccc2COc2ccc(CC(=O)O)cc21,0.4112,11,14,0.153,0.098,0.144,0.217,0.148,0.15,0.112,False,,0.805,0.365,0.805,
Nedocromil,5117,rescue,Cromone class; mast cell stabilizer (asthma + allergic conjunctivitis).,['Schwartz 1995'],CCCN1CCOC2c3cc(O)ccc3OCC21,0.4034,11,14,0.151,0.159,0.138,0.169,0.087,0.135,0.109,False,,0.66,0.475,0.895,
Pemirolast,51063,rescue,Mast cell stabilizer; ophthalmic anti-allergic.,['Yanni 1993'],CCN(CC)CCc1c(C)cc2ccccn12,0.3953,11,14,0.17,0.083,0.128,0.184,0.083,0.111,0.08,False,,0.745,0.475,0.78,
Tranilast,5512,maintenance,Anti-allergic + anti-fibrotic mast cell stabilizer; used in atopic dermatitis + keloid scars; cited in MCAS literature.,['Suzawa 1992'],Cc1ccc(O)c(C(CCN(C(C)C)C(C)C)c2ccccc2)c1,0.424,17,82,0.175,0.146,0.112,0.271,0.099,0.144,0.09,False,,0.935,0.32,0.71,
Lodoxamide,44564,rescue,Cromone class; ophthalmic mast cell stabilizer for vernal keratoconjunctivitis.,['Caldwell 1992'],N#Cc1cc(NC(=O)C(=O)O)c(Cl)c(NC(=O)C(=O)O)c1,0.4339,10,14,0.155,0.109,0.134,0.129,0.109,0.118,0.101,False,,0.37,0.255,0.86,
Amlexanox,2161,maintenance,Cromone-like anti-allergic; topical for aphthous ulcers + asthma adjunct; IKK-epsilon inhibitor.,['Reilly 2013'],CC(C)c1ccc2oc3nc(N)c(C(=O)O)cc3c(=O)c2c1,0.4696,14,82,0.138,0.167,0.115,0.152,0.1,0.183,0.13,False,,0.394,0.105,0.565,
Levocetirizine,1549000,rescue,Active R-enantiomer of cetirizine; H1 antagonist.,['Walsh 2006'],O=C(O)COCCN1CCN(C(c2ccccc2)c2ccc(Cl)cc2)CC1,0.5604,3,14,0.143,0.089,0.189,0.745,0.087,0.185,0.144,False,,0.856,0.16,0.33,
Bilastine,185460,rescue,Newer-generation H1 antagonist; minimal CNS penetration.,['Lucero 2012'],CCOCCn1c(C2CCN(CCc3ccc(C(C)(C)C(=O)O)cc3)CC2)nc2ccccc21,0.4368,10,14,0.143,0.125,0.183,0.395,0.086,0.202,0.174,False,,0.88,0.36,0.647,
Ebastine,3191,rescue,Long-acting H1 antagonist.,['Hurst 1999'],CC(C)(C)c1ccc(C(=O)CCCN2CCC(OC(c3ccccc3)c3ccccc3)CC2)cc1,0.4555,10,14,0.157,0.138,0.191,0.406,0.083,0.196,0.17,False,,0.89,0.155,0.57,
Mizolastine,65555,rescue,H1 antagonist + LOX inhibition.,['Levrier 1991'],CC12CCC(O)CC1CCC1C2CCC2(C)C1CCC2(O)C(=O)CO,0.4384,10,14,0.133,0.179,0.082,0.098,0.061,0.058,0.077,False,,0.37,0.18,0.665,
Doxepin,667477,rescue,Tricyclic with extremely potent H1 + H2 antagonism; used for refractory urticaria.,['Goldsobel 1986'],CN(C)CCC=C1c2ccccc2COc2ccccc21,0.4131,11,14,0.146,0.09,0.098,0.25,0.143,0.085,0.082,False,,0.925,0.13,1.0,
Cinnarizine,1547484,rescue,H1 antagonist + Ca channel blocker; antiallergic + antivertigo.,['Towse 1973'],C(=Cc1ccccc1)CN1CCN(C(c2ccccc2)c2ccccc2)CC1,0.4311,11,14,0.159,0.159,0.16,0.412,0.085,0.165,0.12,False,,0.895,0.335,0.93,
Tofacitinib,9926791,maintenance,JAK1/3 inhibitor; downstream of FcεRI; emerging interest in MCAS-adjacent autoimmunity.,['Schwartz 2018'],CC1CCN(C(=O)CC#N)CC1N(C)c1ncnc2[nH]ccc12,0.4314,17,82,0.138,0.141,0.155,0.184,0.153,0.109,0.196,False,,0.698,0.38,0.733,
Acalabrutinib,71226662,maintenance,Selective BTK inhibitor; downstream of FcεRI signaling in mast cells.,['Byrd 2016'],CC#CC(=O)N1CCCC1c1nc(-c2ccc(C(=O)Nc3ccccn3)cc2)c2c(N)nccn12,0.4358,17,82,0.115,0.087,0.211,0.168,0.089,0.186,0.243,False,,0.605,0.398,0.682,
Tacrolimus,445643,maintenance,Calcineurin inhibitor; suppresses mast cell mediator release.,['de Paulis 1991'],C=CCC1C=C(C)CC(C)CC(OC)C2OC(O)(C(=O)C(=O)N3CCCCC3C(=O)OC(C(C)=CC3CCC(O)C(OC)C3)C(C)C(O)CC1=O)C(C)CC2OC,0.4124,20,82,0.107,0.114,0.11,0.107,0.091,0.085,0.113,False,,0.42,0.4,0.23,
Pimecrolimus,6509979,maintenance,Topical calcineurin inhibitor; suppresses mast cell + T cell activation.,['Stuetz 2001'],CCC1C=C(C)CC(C)CC(OC)C2OC(O)(C(=O)C(=O)N3CCCCC3C(=O)OC(C(C)=CC3CCC(Cl)C(OC)C3)C(C)C(O)CC1=O)C(C)CC2OC,0.4125,20,82,0.122,0.105,0.119,0.113,0.091,0.1,0.113,False,,0.46,0.45,0.34,
Hydroxychloroquine,3652,maintenance,Anti-malarial + immunomodulator; reported in some MCAS regimens.,['Schrezenmeier 2020'],CCN(CCO)CCCC(C)Nc1ccnc2cc(Cl)ccc12,0.4176,19,82,0.111,0.079,0.14,0.19,0.095,0.172,0.092,False,,0.773,0.56,0.915,
Glycyrrhizin,14982,maintenance,Licorice triterpene saponin; anti-allergic + anti-inflammatory.,['Asl 2008'],CC1(C(=O)O)CCC2(C)CCC3(C)C(=CC(=O)C4C5(C)CCC(OC6OC(C(=O)O)C(O)C(O)C6OC6OC(C(=O)O)C(O)C(O)C6O)C(C)(C)C5CCC43C)C2C1,0.4852,13,82,0.137,0.232,0.124,0.121,0.073,0.103,0.118,True,michael_enone,0.405,0.335,0.403,
Hydroxytyrosol,82755,maintenance,Olive polyphenol; Nrf2 activator; anti-inflammatory.,['Robles-Almazan 2018'],OCCc1ccc(O)c(O)c1,0.5392,8,82,0.214,0.233,0.107,0.132,0.088,0.115,0.066,True,catechol,0.56,0.585,0.766,
Cysteamine,6058,remission,Aminothiol antioxidant; Nrf2-axis modulator; covalent through thiol-disulfide exchange.,['Besouw 2013'],NCCS,0.4681,52,169,0.043,0.018,0.05,0.065,0.044,0.014,0.03,False,,0.12,0.1,0.95,
Desloratadine,124087,rescue,Active metabolite of loratadine; second-gen H1 antagonist.,['Geha 2001'],,,,,,,,,,,,,,,,,no_smiles
Rupatadine,133987,rescue,H1 antagonist + PAF antagonist; used in urticaria/allergic rhinitis.,['Picado 2006'],,,,,,,,,,,,,,,,,no_smiles
Emedastine,3219,rescue,Selective H1 antagonist; ophthalmic anti-allergic.,['Sharif 1994'],,,,,,,,,,,,,,,,,no_smiles
Alcaftadine,19371515,rescue,H1 antagonist with mast-cell stabilizer claims; ophthalmic.,['Boiarski 2011'],,,,,,,,,,,,,,,,,no_smiles
Bepotastine,164522,rescue,H1 antagonist + mast-cell stabilizer; ophthalmic/oral in some markets.,['Kato 2010'],,,,,,,,,,,,,,,,,no_smiles
Epinastine,3241,rescue,H1 antagonist with mast-cell stabilizing properties.,['Schoch 2003'],,,,,,,,,,,,,,,,,no_smiles
Chlorpheniramine,2725,rescue,Classic first-gen H1 antagonist; still used in allergic disease.,['Simons 2004'],,,,,,,,,,,,,,,,,no_smiles
Promethazine,4927,rescue,First-gen H1 antagonist with strong antihistamine effect.,['Simons 2004'],,,,,,,,,,,,,,,,,no_smiles
Cyproheptadine,2913,rescue,H1 + 5-HT2 antagonist; used for allergic and serotonergic symptoms.,['Kapur 2011'],,,,,,,,,,,,,,,,,no_smiles
Triprolidine,5282443,rescue,First-gen H1 antagonist.,['Simons 2004'],,,,,,,,,,,,,,,,,no_smiles
Zafirlukast,5717,maintenance,CysLT1 receptor antagonist; asthma / allergic disease.,['Adkins 1998'],,,,,,,,,,,,,,,,,no_smiles
Pranlukast,4895,maintenance,CysLT1 antagonist used in Japan for asthma/allergic rhinitis.,['Keam 2003'],,,,,,,,,,,,,,,,,no_smiles
Zileuton,60490,maintenance,5-LOX inhibitor; reduces leukotriene synthesis in asthma.,['McGill 1996'],,,,,,,,,,,,,,,,,no_smiles
Ibrutinib,24821094,maintenance,BTK inhibitor; FcεRI pathway; mast-cell relevance.,['Byrd 2013'],,,,,,,,,,,,,,,,,no_smiles
Ruxolitinib,25126798,maintenance,JAK1/2 inhibitor; downstream cytokine/mast-cell-adjacent signaling.,['Verstovsek 2012'],,,,,,,,,,,,,,,,,no_smiles
Cyclosporine,5284373,maintenance,Calcineurin inhibitor; suppresses mast-cell mediator release.,['Stellato 1992'],,,,,,,,,,,,,,,,,no_smiles
Sirolimus,5284616,maintenance,mTOR inhibitor; immunomodulator used in some mast-cell disorders.,['Parikh 2016'],,,,,,,,,,,,,,,,,no_smiles
Dimethyl fumarate,637568,remission,Electrophilic Nrf2 activator (Tecfidera); KEAP1 covalent mechanism.,['Linker 2011'],,,,,,,,,,,,,,,,,no_smiles
Bardoxolone methyl,400769,remission,Potent KEAP1/Nrf2 electrophilic activator (clinical CDDO-Me).,['Pergola 2011'],,,,,,,,,,,,,,,,,no_smiles
Omaveloxolone,71811910,remission,KEAP1/Nrf2 activator approved for FA; covalent electrophilic mechanism.,['Lynch 2021'],,,,,,,,,,,,,,,,,no_smiles
Dasatinib,3062316,remission,Multi-kinase / KIT-family TKI; mastocytosis literature.,['Verstovsek 2008'],,,,,,,,,,,,,,,,,no_smiles
Nilotinib,644241,remission,KIT/ABL TKI; systemic mastocytosis trials.,['Hochhaus 2015'],,,,,,,,,,,,,,,,,no_smiles
Ripretinib,71584930,remission,Switch-control KIT/PDGFRA inhibitor; advanced SM / GIST.,['Smith 2019'],,,,,,,,,,,,,,,,,no_smiles
Bezuclastinib,75593308,remission,Selective KIT D816V inhibitor in SM development.,['DeAngelo 2022'],,,,,,,,,,,,,,,,,no_smiles
Oltipraz,4642,remission,Classical Nrf2 inducer / chemopreventive dithiolethione.,['Kensler 2005'],,,,,,,,,,,,,,,,,no_smiles
Tert-butylhydroquinone,16043,remission,Canonical Nrf2 inducer used in experimental models.,['Li 2005'],,,,,,,,,,,,,,,,,no_smiles
SFN-NAC,45040443,remission,Major SFN mercapturic metabolite; Nrf2-axis marker compound.,['Fahey 2012'],,,,,,,,,,,,,,,,,no_smiles
Acrivastine,5281004,rescue,Second-generation H1 antagonist.,['Brogden 1991'],,,,,,,,,,,,,,,,,no_smiles
Mequitazine,4066,rescue,H1 antagonist used in allergic rhinitis.,['Pukander 1990'],,,,,,,,,,,,,,,,,no_smiles
Astemizole,2247,rescue,Withdrawn H1 antagonist; strong historical mast-cell allergy drug.,['Richards 1984'],,,,,,,,,,,,,,,,,no_smiles
Terfenadine,5405,rescue,Withdrawn prodrug H1 antagonist (fexofenadine parent).,['Sorkin 1985'],,,,,,,,,,,,,,,,,no_smiles
