name,smiles,category,source,target,score,score_raw_with_self,self_match_excluded,best_ref,method
GEN_0255,COc1cc(/C=C/C(=O)CC(=O)/C=C/c2cc(OC)c(O)cc2CCS(=O)CCCN=C=S)ccc1O,candidate,reinvent_generated,PTGS2,0.5167,0.5167,False,Curcumin (CID 969516),ligand_based_similarity_tanimoto_morgan2_2048_self_debias
GEN_0247,COc1cc(/C=C/C(=O)CC(=O)/C=C/c2ccc(O)c(OC)c2CCS(=O)CCCN=C=S)ccc1O,candidate,reinvent_generated,PTGS2,0.5082,0.5082,False,Curcumin (CID 969516),ligand_based_similarity_tanimoto_morgan2_2048_self_debias
Xanthohumol,COc1cc(O)c(CC=C(C)C)c(O)c1C(=O)/C=C/c1ccc(O)cc1,maintenance,library,PTGS2,0.4074,0.4074,False,Curcumin (CID 969516),ligand_based_similarity_tanimoto_morgan2_2048_self_debias
Rosmarinic acid,O=C(/C=C/c1ccc(O)c(O)c1)O[C@H](Cc1ccc(O)c(O)c1)C(=O)O,maintenance,library,PTGS2,0.3725,0.3725,False,Curcumin (CID 969516),ligand_based_similarity_tanimoto_morgan2_2048_self_debias
Piceatannol,Oc1cc(O)cc(/C=C/c2ccc(O)c(O)c2)c1,maintenance,library,PTGS2,0.359,0.359,False,Curcumin (CID 969516),ligand_based_similarity_tanimoto_morgan2_2048_self_debias
GEN_0174,CC(=O)Oc1cc(CCS(=O)CCCN=C=S)ccc1C(=O)O,candidate,reinvent_generated,PTGS2,0.3585,0.3585,False,Aspirin (CID 2244),ligand_based_similarity_tanimoto_morgan2_2048_self_debias
6-Gingerol,CCCCC[C@H](O)CC(=O)CCc1ccc(O)c(OC)c1,maintenance,library,PTGS2,0.3455,0.3455,False,Curcumin (CID 969516),ligand_based_similarity_tanimoto_morgan2_2048_self_debias
Pterostilbene,COc1cc(/C=C/c2ccc(O)cc2)cc(OC)c1,maintenance,library,PTGS2,0.3333,0.3333,False,Curcumin (CID 969516),ligand_based_similarity_tanimoto_morgan2_2048_self_debias
Methyl red,CN(C)c1ccc(N=Nc2ccccc2C(=O)O)cc1,maintenance,library,PTGS2,0.3333,0.3333,False,Aspirin (CID 2244),ligand_based_similarity_tanimoto_morgan2_2048_self_debias
GEN_0173,CC(=O)Oc1c(CCS(=O)CCCN=C=S)cccc1C(=O)O,candidate,reinvent_generated,PTGS2,0.3333,0.3333,False,Aspirin (CID 2244),ligand_based_similarity_tanimoto_morgan2_2048_self_debias
Isorhamnetin,COc1cc(-c2oc3cc(O)cc(O)c3c(=O)c2O)ccc1O,maintenance,library,PTGS2,0.3148,0.3148,False,Curcumin (CID 969516),ligand_based_similarity_tanimoto_morgan2_2048_self_debias
Silibinin,COc1cc([C@H]2Oc3cc([C@H]4Oc5cc(O)cc(O)c5C(=O)[C@@H]4O)ccc3O[C@@H]2CO)ccc1O,maintenance,library,PTGS2,0.2879,0.2879,False,Curcumin (CID 969516),ligand_based_similarity_tanimoto_morgan2_2048_self_debias
Resveratrol,Oc1ccc(/C=C/c2cc(O)cc(O)c2)cc1,maintenance,library,PTGS2,0.2821,0.2821,False,Curcumin (CID 969516),ligand_based_similarity_tanimoto_morgan2_2048_self_debias
GEN_0182,COc1cc(/C=C/c2ccc(O)cc2)c(CCS(=O)CCCN=C=S)c(OC)c1,candidate,reinvent_generated,PTGS2,0.2647,0.2647,False,Curcumin (CID 969516),ligand_based_similarity_tanimoto_morgan2_2048_self_debias
GEN_0175,O=S(CCCN=C=S)CCc1cc(/C=C/c2cc(O)cc(O)c2)ccc1O,candidate,reinvent_generated,PTGS2,0.2623,0.2623,False,Curcumin (CID 969516),ligand_based_similarity_tanimoto_morgan2_2048_self_debias
Curcumin,COc1cc(/C=C/C(=O)CC(=O)/C=C/c2ccc(O)c(OC)c2)ccc1O,maintenance,library,PTGS2,0.25,1.0,True,Naproxen (CID 156391),ligand_based_similarity_tanimoto_morgan2_2048_self_debias
GEN_0178,O=S(CCCN=C=S)CCc1c(O)cc(/C=C/c2ccc(O)c(O)c2)cc1O,candidate,reinvent_generated,PTGS2,0.25,0.25,False,Curcumin (CID 969516),ligand_based_similarity_tanimoto_morgan2_2048_self_debias
Acacetin,COc1ccc(-c2cc(=O)c3c(O)cc(O)cc3o2)cc1,maintenance,library,PTGS2,0.2453,0.2453,False,Naproxen (CID 156391),ligand_based_similarity_tanimoto_morgan2_2048_self_debias
GEN_0211,COc1cc(-c2oc3c(CCS(=O)CCCN=C=S)c(O)cc(O)c3c(=O)c2O)ccc1O,candidate,reinvent_generated,PTGS2,0.24,0.24,False,Curcumin (CID 969516),ligand_based_similarity_tanimoto_morgan2_2048_self_debias
GEN_0269,COc1cc(O)c(CC=C(C)C)c(O)c1C(=O)/C=C/c1ccc(O)cc1CCS(=O)CCCN=C=S,candidate,reinvent_generated,PTGS2,0.2375,0.2375,False,Curcumin (CID 969516),ligand_based_similarity_tanimoto_morgan2_2048_self_debias
Hesperetin,COc1ccc([C@@H]2CC(=O)c3c(O)cc(O)cc3O2)cc1O,maintenance,library,PTGS2,0.2373,0.2373,False,Curcumin (CID 969516),ligand_based_similarity_tanimoto_morgan2_2048_self_debias
GEN_0231,COc1c(CCS(=O)CCCN=C=S)c(O)c(CC=C(C)C)c(O)c1C(=O)/C=C/c1ccc(O)cc1,candidate,reinvent_generated,PTGS2,0.2368,0.2368,False,Curcumin (CID 969516),ligand_based_similarity_tanimoto_morgan2_2048_self_debias
Tangeretin,COc1ccc(-c2cc(=O)c3c(OC)c(OC)c(OC)c(OC)c3o2)cc1,maintenance,library,PTGS2,0.2353,0.2353,False,Naproxen (CID 156391),ligand_based_similarity_tanimoto_morgan2_2048_self_debias
Wogonin,COc1c(O)cc(O)c2c(=O)cc(-c3ccccc3)oc12,maintenance,library,PTGS2,0.2321,0.2321,False,Rofecoxib (CID 5090),ligand_based_similarity_tanimoto_morgan2_2048_self_debias
Baicalein,O=c1cc(-c2ccccc2)oc2cc(O)c(O)c(O)c12,maintenance,library,PTGS2,0.2308,0.2308,False,Rofecoxib (CID 5090),ligand_based_similarity_tanimoto_morgan2_2048_self_debias
Chrysin,O=c1cc(-c2ccccc2)oc2cc(O)cc(O)c12,maintenance,library,PTGS2,0.2308,0.2308,False,Rofecoxib (CID 5090),ligand_based_similarity_tanimoto_morgan2_2048_self_debias
Magnolol,C=CCc1ccc(O)c(-c2cc(CC=C)ccc2O)c1,maintenance,library,PTGS2,0.2273,0.2273,False,Curcumin (CID 969516),ligand_based_similarity_tanimoto_morgan2_2048_self_debias
GEN_0193,O=S(CCCN=C=S)CCc1c(O)cc(O)cc1/C=C/c1ccc(O)c(O)c1,candidate,reinvent_generated,PTGS2,0.2273,0.2273,False,Curcumin (CID 969516),ligand_based_similarity_tanimoto_morgan2_2048_self_debias
Galangin,O=c1c(O)c(-c2ccccc2)oc2cc(O)cc(O)c12,maintenance,library,PTGS2,0.2264,0.2264,False,Rofecoxib (CID 5090),ligand_based_similarity_tanimoto_morgan2_2048_self_debias
GEN_0248,O=C(/C=C/c1cc(O)c(O)c(CCS(=O)CCCN=C=S)c1)O[C@H](Cc1ccc(O)c(O)c1)C(=O)O,candidate,reinvent_generated,PTGS2,0.2179,0.2179,False,Curcumin (CID 969516),ligand_based_similarity_tanimoto_morgan2_2048_self_debias
GEN_0180,COc1cc(/C=C/c2ccc(O)cc2CCS(=O)CCCN=C=S)cc(OC)c1,candidate,reinvent_generated,PTGS2,0.2174,0.2174,False,Curcumin (CID 969516),ligand_based_similarity_tanimoto_morgan2_2048_self_debias
GEN_0184,CN(C)c1ccc(N=Nc2ccccc2C(=O)O)c(CCS(=O)CCCN=C=S)c1,candidate,reinvent_generated,PTGS2,0.2154,0.2154,False,Aspirin (CID 2244),ligand_based_similarity_tanimoto_morgan2_2048_self_debias
GEN_0185,CN(C)c1ccc(N=Nc2ccccc2C(=O)O)cc1CCS(=O)CCCN=C=S,candidate,reinvent_generated,PTGS2,0.2154,0.2154,False,Aspirin (CID 2244),ligand_based_similarity_tanimoto_morgan2_2048_self_debias
GEN_0201,CCCCC[C@H](O)CC(=O)CCc1cc(OC)c(O)cc1CCS(=O)CCCN=C=S,candidate,reinvent_generated,PTGS2,0.2133,0.2133,False,Curcumin (CID 969516),ligand_based_similarity_tanimoto_morgan2_2048_self_debias
N-Acetylcysteine (NAC),CC(=O)N[C@@H](CS)C(=O)O,maintenance,library,PTGS2,0.2105,0.2105,False,Ibuprofen (CID 3672),ligand_based_similarity_tanimoto_morgan2_2048_self_debias
Phloretin,O=C(CCc1ccc(O)cc1)c1c(O)cc(O)cc1O,maintenance,library,PTGS2,0.2093,0.2093,False,Ibuprofen (CID 3672),ligand_based_similarity_tanimoto_morgan2_2048_self_debias
GEN_0226,COc1cc([C@H]2Oc3c(ccc([C@H]4Oc5cc(O)cc(O)c5C(=O)[C@@H]4O)c3CCS(=O)CCCN=C=S)O[C@@H]2CO)ccc1O,candidate,reinvent_generated,PTGS2,0.2065,0.2065,False,Curcumin (CID 969516),ligand_based_similarity_tanimoto_morgan2_2048_self_debias
Aspirin (acetylsalicylic acid),CC(=O)Oc1ccccc1C(=O)O,remission,library,PTGS2,0.2045,1.0,True,Naproxen (CID 156391),ligand_based_similarity_tanimoto_morgan2_2048_self_debias
Cromolyn sodium,O=C(O)c1cc(=O)c2cc(OCC(O)COc3cccc4oc(C(=O)O)cc(=O)c34)ccc2o1,rescue,library,PTGS2,0.2031,0.2031,False,Naproxen (CID 156391),ligand_based_similarity_tanimoto_morgan2_2048_self_debias
GEN_0154,CCS(=O)Cc1ccc(N=C=S)cc1,candidate,reinvent_generated,PTGS2,0.2,0.2,False,Ibuprofen (CID 3672),ligand_based_similarity_tanimoto_morgan2_2048_self_debias
Hesperidin,COc1ccc([C@@H]2CC(=O)c3c(O)cc(O[C@@H]4O[C@H](CO[C@@H]5O[C@@H](C)[C@H](O)[C@@H](O)[C@H]5O)[C@@H](O)[C@H](O)[C@H]4O)cc3O2)cc1O,maintenance,library,PTGS2,0.1975,0.1975,False,Curcumin (CID 969516),ligand_based_similarity_tanimoto_morgan2_2048_self_debias
GEN_0196,COc1ccc(-c2cc(=O)c3c(O)cc(O)cc3o2)c(CCS(=O)CCCN=C=S)c1,candidate,reinvent_generated,PTGS2,0.1974,0.1974,False,Naproxen (CID 156391),ligand_based_similarity_tanimoto_morgan2_2048_self_debias
Fexofenadine,CC(C)(C(=O)O)c1ccc(C(O)CCCN2CCC(C(O)(c3ccccc3)c3ccccc3)CC2)cc1,rescue,library,PTGS2,0.1967,0.1967,False,Ibuprofen (CID 3672),ligand_based_similarity_tanimoto_morgan2_2048_self_debias
Cetirizine,O=C(O)COCCN1CCN(C(c2ccccc2)c2ccc(Cl)cc2)CC1,rescue,library,PTGS2,0.1964,0.1964,False,Ibuprofen (CID 3672),ligand_based_similarity_tanimoto_morgan2_2048_self_debias
Nobiletin,COc1ccc(-c2cc(=O)c3c(OC)c(OC)c(OC)c(OC)c3o2)cc1OC,maintenance,library,PTGS2,0.1964,0.1964,False,Curcumin (CID 969516),ligand_based_similarity_tanimoto_morgan2_2048_self_debias
Diphenhydramine,CN(C)CCOC(c1ccccc1)c1ccccc1,rescue,library,PTGS2,0.1951,0.1951,False,Aspirin (CID 2244),ligand_based_similarity_tanimoto_morgan2_2048_self_debias
GEN_0146,CS(=O)Cc1ccc(C#N)cc1,candidate,reinvent_generated,PTGS2,0.1951,0.1951,False,Ibuprofen (CID 3672),ligand_based_similarity_tanimoto_morgan2_2048_self_debias
GEN_0234,O=C(/C=C/c1cc(O)c(O)cc1CCS(=O)CCCN=C=S)O[C@H](Cc1ccc(O)c(O)c1)C(=O)O,candidate,reinvent_generated,PTGS2,0.1948,0.1948,False,Curcumin (CID 969516),ligand_based_similarity_tanimoto_morgan2_2048_self_debias
Honokiol,C=CCc1ccc(O)c(-c2ccc(O)c(CC=C)c2)c1,maintenance,library,PTGS2,0.1923,0.1923,False,Curcumin (CID 969516),ligand_based_similarity_tanimoto_morgan2_2048_self_debias
GEN_0195,COc1ccc(-c2cc(=O)c3c(O)cc(O)cc3o2)cc1CCS(=O)CCCN=C=S,candidate,reinvent_generated,PTGS2,0.1923,0.1923,False,Curcumin (CID 969516),ligand_based_similarity_tanimoto_morgan2_2048_self_debias
GEN_0150,CCS(=O)CCc1ccc(N=C=S)cc1,candidate,reinvent_generated,PTGS2,0.1915,0.1915,False,Ibuprofen (CID 3672),ligand_based_similarity_tanimoto_morgan2_2048_self_debias
GEN_0251,COc1ccc(-c2cc(=O)c3c(OC)c(OC)c(OC)c(OC)c3o2)c(CCS(=O)CCCN=C=S)c1,candidate,reinvent_generated,PTGS2,0.1892,0.1892,False,Naproxen (CID 156391),ligand_based_similarity_tanimoto_morgan2_2048_self_debias
Butyric acid,CCCC(=O)O,maintenance,library,PTGS2,0.1875,0.1875,False,Ibuprofen (CID 3672),ligand_based_similarity_tanimoto_morgan2_2048_self_debias
GEN_0203,COc1cc(CCS(=O)CCCN=C=S)c([C@@H]2CC(=O)c3c(O)cc(O)cc3O2)cc1O,candidate,reinvent_generated,PTGS2,0.1875,0.1875,False,Curcumin (CID 969516),ligand_based_similarity_tanimoto_morgan2_2048_self_debias
GEN_0124,CS(=O)CCc1ccc(C#N)cc1,candidate,reinvent_generated,PTGS2,0.186,0.186,False,Ibuprofen (CID 3672),ligand_based_similarity_tanimoto_morgan2_2048_self_debias
GEN_0147,CS(=O)(=O)Cc1ccc(N=C=S)cc1,candidate,reinvent_generated,PTGS2,0.1818,0.1818,False,Ibuprofen (CID 3672),ligand_based_similarity_tanimoto_morgan2_2048_self_debias
GEN_0148,CS(=O)Cc1ccc(N=C=S)cc1,candidate,reinvent_generated,PTGS2,0.1818,0.1818,False,Ibuprofen (CID 3672),ligand_based_similarity_tanimoto_morgan2_2048_self_debias
GEN_0163,CS(=O)Cc1ccc(SC#N)cc1,candidate,reinvent_generated,PTGS2,0.1818,0.1818,False,Ibuprofen (CID 3672),ligand_based_similarity_tanimoto_morgan2_2048_self_debias
GEN_0177,O=S(CCCN=C=S)CCc1cc(O)ccc1/C=C/c1cc(O)cc(O)c1,candidate,reinvent_generated,PTGS2,0.1818,0.1818,False,Curcumin (CID 969516),ligand_based_similarity_tanimoto_morgan2_2048_self_debias
Loratadine,CCOC(=O)N1CCC(=C2c3ccc(Cl)cc3CCc3cccnc32)CC1,rescue,library,PTGS2,0.1795,0.1795,False,Etoricoxib (CID 123619),ligand_based_similarity_tanimoto_morgan2_2048_self_debias
GEN_0204,CCCCC[C@H](O)CC(=O)CCc1cc(CCS(=O)CCCN=C=S)c(O)c(OC)c1,candidate,reinvent_generated,PTGS2,0.1772,0.1772,False,Curcumin (CID 969516),ligand_based_similarity_tanimoto_morgan2_2048_self_debias
GEN_0213,COc1c(O)ccc(-c2oc3cc(O)cc(O)c3c(=O)c2O)c1CCS(=O)CCCN=C=S,candidate,reinvent_generated,PTGS2,0.1772,0.1772,False,Curcumin (CID 969516),ligand_based_similarity_tanimoto_morgan2_2048_self_debias
Docosahexaenoic acid (DHA),CC/C=C\C/C=C\C/C=C\C/C=C\C/C=C\C/C=C\CCC(=O)O,maintenance,library,PTGS2,0.175,0.175,False,Ibuprofen (CID 3672),ligand_based_similarity_tanimoto_morgan2_2048_self_debias
Cannabigerolic acid,CC1(C)SC2C(NC(=O)C(C(=O)O)c3ccsc3)C(=O)N2C1C(=O)O,maintenance,library,PTGS2,0.1746,0.1746,False,Ibuprofen (CID 3672),ligand_based_similarity_tanimoto_morgan2_2048_self_debias
Cannabidiolic acid,C=C(C)[C@@H]1CCC(C)=C[C@H]1c1c(O)cc(CCCCC)c(C(=O)O)c1O,maintenance,library,PTGS2,0.1739,0.1739,False,Curcumin (CID 969516),ligand_based_similarity_tanimoto_morgan2_2048_self_debias
GEN_0132,CS(=O)CCc1ccc(N=C=S)cc1,candidate,reinvent_generated,PTGS2,0.1739,0.1739,False,Ibuprofen (CID 3672),ligand_based_similarity_tanimoto_morgan2_2048_self_debias
GEN_0136,CS(=O)(=O)CCc1ccc(N=C=S)cc1,candidate,reinvent_generated,PTGS2,0.1739,0.1739,False,Ibuprofen (CID 3672),ligand_based_similarity_tanimoto_morgan2_2048_self_debias
GEN_0153,CS(=O)CCc1ccc(SC#N)cc1,candidate,reinvent_generated,PTGS2,0.1739,0.1739,False,Ibuprofen (CID 3672),ligand_based_similarity_tanimoto_morgan2_2048_self_debias
Apigenin,O=c1cc(-c2ccc(O)cc2)oc2cc(O)cc(O)c12,maintenance,library,PTGS2,0.1667,0.1667,False,Rofecoxib (CID 5090),ligand_based_similarity_tanimoto_morgan2_2048_self_debias
Eicosapentaenoic acid (EPA),CC/C=C\C/C=C\C/C=C\C/C=C\C/C=C\CCCC(=O)O,maintenance,library,PTGS2,0.1667,0.1667,False,Ibuprofen (CID 3672),ligand_based_similarity_tanimoto_morgan2_2048_self_debias
Tetrahydrocannabinolic acid,CCCCCc1cc2c(c(O)c1C(=O)O)[C@@H]1C=C(C)CC[C@H]1C(C)(C)O2,maintenance,library,PTGS2,0.1667,0.1667,False,Curcumin (CID 969516),ligand_based_similarity_tanimoto_morgan2_2048_self_debias
Nicotinamide riboside,NC(=O)c1ccc[n+]([C@@H]2O[C@H](CO)[C@@H](O)[C@H]2O)c1,maintenance,library,PTGS2,0.1667,0.1667,False,Ibuprofen (CID 3672),ligand_based_similarity_tanimoto_morgan2_2048_self_debias
GEN_0188,COc1c(O)cc(O)c2c(=O)c(CCS(=O)CCCN=C=S)c(-c3ccccc3)oc12,candidate,reinvent_generated,PTGS2,0.1667,0.1667,False,Curcumin (CID 969516),ligand_based_similarity_tanimoto_morgan2_2048_self_debias
GEN_0250,O=C(O)COCCN1CCN(C(c2ccc(Cl)cc2)c2cccc(CCS(=O)CCCN=C=S)c2)CC1,candidate,reinvent_generated,PTGS2,0.1667,0.1667,False,Ibuprofen (CID 3672),ligand_based_similarity_tanimoto_morgan2_2048_self_debias
Rutin,C[C@@H]1O[C@@H](OC[C@H]2O[C@@H](Oc3c(-c4ccc(O)c(O)c4)oc4cc(O)cc(O)c4c3=O)[C@H](O)[C@@H](O)[C@@H]2O)[C@H](O)[C@H](O)[C@H]1O,maintenance,library,PTGS2,0.1646,0.1646,False,Curcumin (CID 969516),ligand_based_similarity_tanimoto_morgan2_2048_self_debias
GEN_0189,COc1c(O)c(CCS(=O)CCCN=C=S)c(O)c2c(=O)cc(-c3ccccc3)oc12,candidate,reinvent_generated,PTGS2,0.1646,0.1646,False,Rofecoxib (CID 5090),ligand_based_similarity_tanimoto_morgan2_2048_self_debias
Ketotifen,CN1CCC(=C2c3ccccc3CC(=O)c3sccc32)CC1,rescue,library,PTGS2,0.1639,0.1639,False,Rofecoxib (CID 5090),ligand_based_similarity_tanimoto_morgan2_2048_self_debias
Luteolin,O=c1cc(-c2ccc(O)c(O)c2)oc2cc(O)cc(O)c12,maintenance,library,PTGS2,0.1636,0.1636,False,Curcumin (CID 969516),ligand_based_similarity_tanimoto_morgan2_2048_self_debias
Kaempferol,O=c1c(O)c(-c2ccc(O)cc2)oc2cc(O)cc(O)c12,maintenance,library,PTGS2,0.1636,0.1636,False,Rofecoxib (CID 5090),ligand_based_similarity_tanimoto_morgan2_2048_self_debias
GEN_0151,CSCc1ccc(N=C=S)cc1,candidate,reinvent_generated,PTGS2,0.1628,0.1628,False,Ibuprofen (CID 3672),ligand_based_similarity_tanimoto_morgan2_2048_self_debias
GEN_0176,CN(C)CCOC(c1ccccc1)c1cccc(CCS(=O)CCCN=C=S)c1,candidate,reinvent_generated,PTGS2,0.1618,0.1618,False,Ibuprofen (CID 3672),ligand_based_similarity_tanimoto_morgan2_2048_self_debias
Carnosic acid,CC(C)c1cc2c(c(O)c1O)[C@@]1(C(=O)O)CCCC(C)(C)[C@@H]1CC2,remission,library,PTGS2,0.1613,0.1613,False,Naproxen (CID 156391),ligand_based_similarity_tanimoto_morgan2_2048_self_debias
Montelukast,CC(C)(O)c1ccccc1CC[C@@H](SCC1(CC(=O)O)CC1)c1cccc(/C=C/c2ccc3ccc(Cl)cc3n2)c1,maintenance,library,PTGS2,0.1609,0.1609,False,Naproxen (CID 156391),ligand_based_similarity_tanimoto_morgan2_2048_self_debias
Hydroxyzine,OCCOCCN1CCN(C(c2ccccc2)c2ccc(Cl)cc2)CC1,rescue,library,PTGS2,0.1607,0.1607,False,Ibuprofen (CID 3672),ligand_based_similarity_tanimoto_morgan2_2048_self_debias
Quercetin,O=c1c(O)c(-c2ccc(O)c(O)c2)oc2cc(O)cc(O)c12,rescue,library,PTGS2,0.1607,0.1607,False,Curcumin (CID 969516),ligand_based_similarity_tanimoto_morgan2_2048_self_debias
Fisetin,O=c1c(O)c(-c2ccc(O)c(O)c2)oc2cc(O)ccc12,maintenance,library,PTGS2,0.1607,0.1607,False,Curcumin (CID 969516),ligand_based_similarity_tanimoto_morgan2_2048_self_debias
GEN_0179,O=c1c(CCS(=O)CCCN=C=S)c(-c2ccccc2)oc2cc(O)cc(O)c12,candidate,reinvent_generated,PTGS2,0.16,0.16,False,Rofecoxib (CID 5090),ligand_based_similarity_tanimoto_morgan2_2048_self_debias
GEN_0205,O=c1c(CCS(=O)CCCN=C=S)c(-c2ccccc2)oc2cc(O)c(O)c(O)c12,candidate,reinvent_generated,PTGS2,0.16,0.16,False,Rofecoxib (CID 5090),ligand_based_similarity_tanimoto_morgan2_2048_self_debias
GEN_0241,COc1c(O)ccc([C@H]2Oc3cc([C@H]4Oc5cc(O)cc(O)c5C(=O)[C@@H]4O)ccc3O[C@@H]2CO)c1CCS(=O)CCCN=C=S,candidate,reinvent_generated,PTGS2,0.1596,0.1596,False,Curcumin (CID 969516),ligand_based_similarity_tanimoto_morgan2_2048_self_debias
Benzyl isothiocyanate,S=C=NCc1ccccc1,remission,library,PTGS2,0.1579,0.1579,False,Aspirin (CID 2244),ligand_based_similarity_tanimoto_morgan2_2048_self_debias
GEN_0202,O=C(CCc1ccc(O)c(CCS(=O)CCCN=C=S)c1)c1c(O)cc(O)cc1O,candidate,reinvent_generated,PTGS2,0.1571,0.1571,False,Curcumin (CID 969516),ligand_based_similarity_tanimoto_morgan2_2048_self_debias
GEN_0259,O=C(O)c1cc(=O)c2c(OCC(O)COc3ccc4oc(C(=O)O)cc(=O)c4c3CCS(=O)CCCN=C=S)cccc2o1,candidate,reinvent_generated,PTGS2,0.1558,0.1558,False,Aspirin (CID 2244),ligand_based_similarity_tanimoto_morgan2_2048_self_debias
GEN_0134,CSCCc1ccc(N=C=S)cc1,candidate,reinvent_generated,PTGS2,0.1556,0.1556,False,Ibuprofen (CID 3672),ligand_based_similarity_tanimoto_morgan2_2048_self_debias
GEN_0230,C=CCc1ccc(O)c(-c2cc(CC=C)c(CCS(=O)CCCN=C=S)cc2O)c1,candidate,reinvent_generated,PTGS2,0.1549,0.1549,False,Curcumin (CID 969516),ligand_based_similarity_tanimoto_morgan2_2048_self_debias
GEN_0249,C=CCc1cc(-c2cc(CC=C)c(CCS(=O)CCCN=C=S)cc2O)ccc1O,candidate,reinvent_generated,PTGS2,0.1549,0.1549,False,Curcumin (CID 969516),ligand_based_similarity_tanimoto_morgan2_2048_self_debias
Thymoquinone,CC1=CC(=O)C(C(C)C)=CC1=O,maintenance,library,PTGS2,0.1538,0.1538,False,Ibuprofen (CID 3672),ligand_based_similarity_tanimoto_morgan2_2048_self_debias
Cannabichromene,CCCCCc1cc(O)c2c(c1)OC(C)(CCC=C(C)C)C=C2,maintenance,library,PTGS2,0.1538,0.1538,False,Curcumin (CID 969516),ligand_based_similarity_tanimoto_morgan2_2048_self_debias
Tetrahydrocannabivarin,CCCc1cc(O)c2c(c1)OC(C)(C)[C@@H]1CCC(C)=C[C@@H]21,maintenance,library,PTGS2,0.1538,0.1538,False,Curcumin (CID 969516),ligand_based_similarity_tanimoto_morgan2_2048_self_debias
GEN_0229,COc1ccc(-c2cc(=O)c3c(OC)c(OC)c(OC)c(OC)c3o2)cc1CCS(=O)CCCN=C=S,candidate,reinvent_generated,PTGS2,0.1538,0.1538,False,Curcumin (CID 969516),ligand_based_similarity_tanimoto_morgan2_2048_self_debias
GEN_0268,O=C(O)COCCN1CCN(C(c2ccc(Cl)cc2)c2ccccc2CCS(=O)CCCN=C=S)CC1,candidate,reinvent_generated,PTGS2,0.1538,0.1538,False,Ibuprofen (CID 3672),ligand_based_similarity_tanimoto_morgan2_2048_self_debias
GEN_0271,O=C(O)c1cc(=O)c2c(OCC(O)COc3ccc4oc(C(=O)O)c(CCS(=O)CCCN=C=S)c(=O)c4c3)cccc2o1,candidate,reinvent_generated,PTGS2,0.1538,0.1538,False,Naproxen (CID 156391),ligand_based_similarity_tanimoto_morgan2_2048_self_debias
GEN_0242,C=CCc1ccc(O)c(-c2cc(CC=C)cc(CCS(=O)CCCN=C=S)c2O)c1,candidate,reinvent_generated,PTGS2,0.1528,0.1528,False,Curcumin (CID 969516),ligand_based_similarity_tanimoto_morgan2_2048_self_debias
Cannabigerol,CCCCCc1cc(O)c(C/C=C(\C)CCC=C(C)C)c(O)c1,maintenance,library,PTGS2,0.1525,0.1525,False,Curcumin (CID 969516),ligand_based_similarity_tanimoto_morgan2_2048_self_debias
Phenethyl isothiocyanate,S=C=NCCc1ccccc1,remission,library,PTGS2,0.15,0.15,False,Aspirin (CID 2244),ligand_based_similarity_tanimoto_morgan2_2048_self_debias
Cannabidivarin,C=C(C)[C@@H]1CCC(C)=C[C@H]1c1c(O)cc(CCC)cc1O,maintenance,library,PTGS2,0.15,0.15,False,Curcumin (CID 969516),ligand_based_similarity_tanimoto_morgan2_2048_self_debias
Ellagic acid,O=c1oc2c(O)c(O)cc3c(=O)oc4c(O)c(O)cc1c4c23,maintenance,library,PTGS2,0.1489,0.1489,False,Curcumin (CID 969516),ligand_based_similarity_tanimoto_morgan2_2048_self_debias
Delta-9-THC,CCCCCc1cc(O)c2c(c1)OC(C)(C)[C@@H]1CCC(C)=C[C@@H]21,maintenance,library,PTGS2,0.1471,0.1471,False,Curcumin (CID 969516),ligand_based_similarity_tanimoto_morgan2_2048_self_debias
Delta-8-THC,CCCCCc1cc(O)c2c(c1)OC(C)(C)C1CCC(C)=CC21,maintenance,library,PTGS2,0.1471,0.1471,False,Curcumin (CID 969516),ligand_based_similarity_tanimoto_morgan2_2048_self_debias
GEN_0183,CN(C)CCOC(c1ccccc1)c1ccccc1CCS(=O)CCCN=C=S,candidate,reinvent_generated,PTGS2,0.1471,0.1471,False,Ibuprofen (CID 3672),ligand_based_similarity_tanimoto_morgan2_2048_self_debias
GEN_0223,C=CCc1cc(CCS(=O)CCCN=C=S)c(O)c(-c2ccc(O)c(CC=C)c2)c1,candidate,reinvent_generated,PTGS2,0.1467,0.1467,False,Curcumin (CID 969516),ligand_based_similarity_tanimoto_morgan2_2048_self_debias
Midostaurin,CO[C@@H]1[C@H](N(C)C(=O)c2ccccc2)C[C@H]2O[C@]1(C)n1c3ccccc3c3c4c(c5c6ccccc6n2c5c31)C(=O)NC4,remission,library,PTGS2,0.1463,0.1463,False,Aspirin (CID 2244),ligand_based_similarity_tanimoto_morgan2_2048_self_debias
GEN_0200,COc1c(O)cc([C@@H]2CC(=O)c3c(O)cc(O)cc3O2)cc1CCS(=O)CCCN=C=S,candidate,reinvent_generated,PTGS2,0.1463,0.1463,False,Curcumin (CID 969516),ligand_based_similarity_tanimoto_morgan2_2048_self_debias
Anandamide,CCCCC/C=C\C/C=C\C/C=C\C/C=C\CCCC(=O)NCCO,maintenance,library,PTGS2,0.1455,0.1455,False,Curcumin (CID 969516),ligand_based_similarity_tanimoto_morgan2_2048_self_debias
Myricitrin,C[C@@H]1O[C@@H](Oc2c(-c3cc(O)c(O)c(O)c3)oc3cc(O)cc(O)c3c2=O)[C@H](O)[C@H](O)[C@H]1O,maintenance,library,PTGS2,0.1429,0.1429,False,Curcumin (CID 969516),ligand_based_similarity_tanimoto_morgan2_2048_self_debias
Cannabidiol,C=C(C)[C@@H]1CCC(C)=C[C@H]1c1c(O)cc(CCCCC)cc1O,maintenance,library,PTGS2,0.1429,0.1429,False,Curcumin (CID 969516),ligand_based_similarity_tanimoto_morgan2_2048_self_debias
2-Arachidonoylglycerol,CCCCC/C=C\C/C=C\C/C=C\C/C=C\CCCC(=O)OC(CO)CO,maintenance,library,PTGS2,0.1429,0.1429,False,Curcumin (CID 969516),ligand_based_similarity_tanimoto_morgan2_2048_self_debias
Nicotinamide mononucleotide,NC(=O)c1ccc[n+]([C@@H]2O[C@H](COP(=O)([O-])O)[C@@H](O)[C@H]2O)c1,maintenance,library,PTGS2,0.1429,0.1429,False,Ibuprofen (CID 3672),ligand_based_similarity_tanimoto_morgan2_2048_self_debias
GEN_0199,O=C(CCc1ccc(O)cc1CCS(=O)CCCN=C=S)c1c(O)cc(O)cc1O,candidate,reinvent_generated,PTGS2,0.1429,0.1429,False,Curcumin (CID 969516),ligand_based_similarity_tanimoto_morgan2_2048_self_debias
GEN_0254,COc1cc(CCS(=O)CCCN=C=S)c(-c2cc(=O)c3c(OC)c(OC)c(OC)c(OC)c3o2)cc1OC,candidate,reinvent_generated,PTGS2,0.1429,0.1429,False,Curcumin (CID 969516),ligand_based_similarity_tanimoto_morgan2_2048_self_debias
GEN_0261,CC1(C)SC2C(NC(=O)C(C(=O)O)c3csc(CCS(=O)CCCN=C=S)c3)C(=O)N2C1C(=O)O,candidate,reinvent_generated,PTGS2,0.1429,0.1429,False,Ibuprofen (CID 3672),ligand_based_similarity_tanimoto_morgan2_2048_self_debias
GEN_0265,COc1cc(-c2cc(=O)c3c(OC)c(OC)c(OC)c(OC)c3o2)cc(CCS(=O)CCCN=C=S)c1OC,candidate,reinvent_generated,PTGS2,0.141,0.141,False,Curcumin (CID 969516),ligand_based_similarity_tanimoto_morgan2_2048_self_debias
EGCG,O=C(O[C@@H]1Cc2c(O)cc(O)cc2O[C@@H]1c1cc(O)c(O)c(O)c1)c1cc(O)c(O)c(O)c1,maintenance,library,PTGS2,0.1406,0.1406,False,Curcumin (CID 969516),ligand_based_similarity_tanimoto_morgan2_2048_self_debias
Cannabinol,CCCCCc1cc(O)c2c(c1)OC(C)(C)c1ccc(C)cc1-2,maintenance,library,PTGS2,0.1406,0.1406,False,Curcumin (CID 969516),ligand_based_similarity_tanimoto_morgan2_2048_self_debias
Naringenin,O=C1CC(c2ccc(O)cc2)Oc2cc(O)cc(O)c21,maintenance,library,PTGS2,0.1404,0.1404,False,Curcumin (CID 969516),ligand_based_similarity_tanimoto_morgan2_2048_self_debias
GEN_0236,CCOC(=O)N1CCC(=C2c3cc(CCS(=O)CCCN=C=S)c(Cl)cc3CCc3cccnc32)CC1,candidate,reinvent_generated,PTGS2,0.14,0.14,False,Etoricoxib (CID 123619),ligand_based_similarity_tanimoto_morgan2_2048_self_debias
Imatinib,Cc1ccc(NC(=O)c2ccc(CN3CCN(C)CC3)cc2)cc1Nc1nccc(-c2cccnc2)n1,remission,library,PTGS2,0.1398,0.1398,False,Etoricoxib (CID 123619),ligand_based_similarity_tanimoto_morgan2_2048_self_debias
GEN_0253,O=S(CCCN=C=S)CCc1cccc(C(c2ccc(Cl)cc2)N2CCN(CCOCCO)CC2)c1,candidate,reinvent_generated,PTGS2,0.1392,0.1392,False,Ibuprofen (CID 3672),ligand_based_similarity_tanimoto_morgan2_2048_self_debias
Oleanolic acid,CC1(C)CC[C@]2(C(=O)O)CC[C@]3(C)C(=CC[C@@H]4[C@@]5(C)CC[C@H](O)C(C)(C)[C@@H]5CC[C@]43C)[C@@H]2C1,remission,library,PTGS2,0.1385,0.1385,False,Ibuprofen (CID 3672),ligand_based_similarity_tanimoto_morgan2_2048_self_debias
Alpha-bisabolol,CC(C)=CCC[C@@](C)(O)[C@H]1CC=C(C)CC1,maintenance,library,PTGS2,0.1379,0.1379,False,Curcumin (CID 969516),ligand_based_similarity_tanimoto_morgan2_2048_self_debias
Ranitidine,CN/C(=C\[N+](=O)[O-])NCCSCc1ccc(CN(C)C)o1,rescue,library,PTGS2,0.1343,0.1343,False,Curcumin (CID 969516),ligand_based_similarity_tanimoto_morgan2_2048_self_debias
Ursolic acid,C[C@H]1[C@H](C)CC[C@]2(C(=O)O)CC[C@]3(C)C(=CC[C@@H]4[C@@]5(C)CC[C@H](O)C(C)(C)[C@@H]5CC[C@]43C)[C@H]12,remission,library,PTGS2,0.1343,0.1343,False,Ibuprofen (CID 3672),ligand_based_similarity_tanimoto_morgan2_2048_self_debias
GEN_0152,O=S(CCCN=C=S)CCc1cccc(CCN=C=S)c1,candidate,reinvent_generated,PTGS2,0.1321,0.1321,False,Ibuprofen (CID 3672),ligand_based_similarity_tanimoto_morgan2_2048_self_debias
GEN_0243,CC1(C)SC2C(NC(=O)C(C(=O)O)c3cscc3CCS(=O)CCCN=C=S)C(=O)N2C1C(=O)O,candidate,reinvent_generated,PTGS2,0.131,0.131,False,Ibuprofen (CID 3672),ligand_based_similarity_tanimoto_morgan2_2048_self_debias
Cholecalciferol (Vitamin D3),C=C1CC[C@H](O)C/C1=C/C=C1\CCC[C@]2(C)[C@@H]([C@H](C)CCCC(C)C)CC[C@@H]12,maintenance,library,PTGS2,0.1304,0.1304,False,Ibuprofen (CID 3672),ligand_based_similarity_tanimoto_morgan2_2048_self_debias
Methylene blue,CN(C)c1ccc2nc3ccc(=[N+](C)C)cc-3sc2c1.[Cl-],maintenance,library,PTGS2,0.1304,0.1304,False,Etoricoxib (CID 123619),ligand_based_similarity_tanimoto_morgan2_2048_self_debias
GEN_0238,CCCCCc1cc(O)c2c(c1CCS(=O)CCCN=C=S)OC(C)(C)c1ccc(C)cc1-2,candidate,reinvent_generated,PTGS2,0.1304,0.1304,False,Celecoxib (CID 2662),ligand_based_similarity_tanimoto_morgan2_2048_self_debias
GEN_0212,O=c1c(CCS(=O)CCCN=C=S)c(-c2ccc(O)c(O)c2)oc2cc(O)cc(O)c12,candidate,reinvent_generated,PTGS2,0.1299,0.1299,False,Curcumin (CID 969516),ligand_based_similarity_tanimoto_morgan2_2048_self_debias
Oleoylethanolamide,CCCCCCCC/C=C\CCCCCCCC(=O)NCCO,maintenance,library,PTGS2,0.1296,0.1296,False,Curcumin (CID 969516),ligand_based_similarity_tanimoto_morgan2_2048_self_debias
GEN_0233,CCCCCc1cc(O)c2c(c1CCS(=O)CCCN=C=S)OC(C)(CCC=C(C)C)C=C2,candidate,reinvent_generated,PTGS2,0.1294,0.1294,False,Curcumin (CID 969516),ligand_based_similarity_tanimoto_morgan2_2048_self_debias
Terpinolene,CC1=CCC(=C(C)C)CC1,maintenance,library,PTGS2,0.1282,0.1282,False,Aspirin (CID 2244),ligand_based_similarity_tanimoto_morgan2_2048_self_debias
GEN_0190,O=C1CC(c2ccc(O)c(CCS(=O)CCCN=C=S)c2)Oc2cc(O)cc(O)c21,candidate,reinvent_generated,PTGS2,0.1282,0.1282,False,Curcumin (CID 969516),ligand_based_similarity_tanimoto_morgan2_2048_self_debias
GEN_0207,O=c1c(O)c(-c2ccc(O)c(CCS(=O)CCCN=C=S)c2)oc2cc(O)cc(O)c12,candidate,reinvent_generated,PTGS2,0.1282,0.1282,False,Curcumin (CID 969516),ligand_based_similarity_tanimoto_morgan2_2048_self_debias
GEN_0267,CCCc1cc(O)c2c(c1CCS(=O)CCCN=C=S)OC(C)(C)[C@@H]1CCC(C)=C[C@@H]21,candidate,reinvent_generated,PTGS2,0.1279,0.1279,False,Curcumin (CID 969516),ligand_based_similarity_tanimoto_morgan2_2048_self_debias
Myricetin,O=c1c(O)c(-c2cc(O)c(O)c(O)c2)oc2cc(O)cc(O)c12,maintenance,library,PTGS2,0.1273,0.1273,False,Curcumin (CID 969516),ligand_based_similarity_tanimoto_morgan2_2048_self_debias
GEN_0159,O=S(CCCN=C=S)CCc1cccc(CN=C=S)c1,candidate,reinvent_generated,PTGS2,0.1273,0.1273,False,Ibuprofen (CID 3672),ligand_based_similarity_tanimoto_morgan2_2048_self_debias
GEN_0232,O=S(CCCN=C=S)CCc1ccccc1C(c1ccc(Cl)cc1)N1CCN(CCOCCO)CC1,candidate,reinvent_generated,PTGS2,0.1266,0.1266,False,Ibuprofen (CID 3672),ligand_based_similarity_tanimoto_morgan2_2048_self_debias
Masitinib,Cc1ccc(NC(=O)c2ccc(CN3CCN(C)CC3)cc2)cc1Nc1nc(-c2cccnc2)cs1,remission,library,PTGS2,0.1263,0.1263,False,Etoricoxib (CID 123619),ligand_based_similarity_tanimoto_morgan2_2048_self_debias
GEN_0191,O=c1c(O)c(-c2cccc(CCS(=O)CCCN=C=S)c2)oc2cc(O)cc(O)c12,candidate,reinvent_generated,PTGS2,0.125,0.125,False,Rofecoxib (CID 5090),ligand_based_similarity_tanimoto_morgan2_2048_self_debias
GEN_0224,CCCCCc1cc(O)c2c(c1CCS(=O)CCCN=C=S)OC(C)(C)C1CCC(C)=CC21,candidate,reinvent_generated,PTGS2,0.125,0.125,False,Curcumin (CID 969516),ligand_based_similarity_tanimoto_morgan2_2048_self_debias
GEN_0227,CC(C)c1c(O)c(O)c2c(c1CCS(=O)CCCN=C=S)CC[C@H]1C(C)(C)CCC[C@]21C(=O)O,candidate,reinvent_generated,PTGS2,0.125,0.125,False,Ibuprofen (CID 3672),ligand_based_similarity_tanimoto_morgan2_2048_self_debias
GEN_0260,CCCCCc1cc(O)c2c(c1CCS(=O)CCCN=C=S)OC(C)(C)[C@@H]1CCC(C)=C[C@@H]21,candidate,reinvent_generated,PTGS2,0.125,0.125,False,Curcumin (CID 969516),ligand_based_similarity_tanimoto_morgan2_2048_self_debias
GEN_0263,C=C(C)[C@@H]1CCC(C)=C[C@H]1c1c(O)c(CCS(=O)CCCN=C=S)c(CCCCC)c(C(=O)O)c1O,candidate,reinvent_generated,PTGS2,0.125,0.125,False,Ibuprofen (CID 3672),ligand_based_similarity_tanimoto_morgan2_2048_self_debias
GEN_0266,CCCCCc1cc(O)c(C/C=C(\C)CCC=C(C)C)c(O)c1CCS(=O)CCCN=C=S,candidate,reinvent_generated,PTGS2,0.125,0.125,False,Curcumin (CID 969516),ligand_based_similarity_tanimoto_morgan2_2048_self_debias
GEN_0221,NC(=O)c1cc(CCS(=O)CCCN=C=S)c[n+]([C@@H]2O[C@H](CO)[C@@H](O)[C@H]2O)c1,candidate,reinvent_generated,PTGS2,0.1233,0.1233,False,Ibuprofen (CID 3672),ligand_based_similarity_tanimoto_morgan2_2048_self_debias
Carnosol,CC(C)c1cc2c(c(O)c1O)[C@@]13CCCC(C)(C)[C@@H]1C[C@@H]2OC3=O,remission,library,PTGS2,0.1231,0.1231,False,Naproxen (CID 156391),ligand_based_similarity_tanimoto_morgan2_2048_self_debias
Avapritinib,CC1(C)OB(O)c2cc(CNC(=O)c3ccc(C4=NO[C@](c5cc(Cl)c(F)c(Cl)c5)(C(F)(F)F)C4)n4cccc34)ccc21,remission,library,PTGS2,0.1226,0.1226,False,Celecoxib (CID 2662),ligand_based_similarity_tanimoto_morgan2_2048_self_debias
Palmitoylethanolamide,CCCCCCCCCCCCCCCC(=O)NCCO,maintenance,library,PTGS2,0.1224,0.1224,False,Curcumin (CID 969516),ligand_based_similarity_tanimoto_morgan2_2048_self_debias
GEN_0157,CCS(=O)CCCC#N,candidate,reinvent_generated,PTGS2,0.122,0.122,False,Ibuprofen (CID 3672),ligand_based_similarity_tanimoto_morgan2_2048_self_debias
GEN_0222,NC(=O)c1c[n+]([C@@H]2O[C@H](CO)[C@@H](O)[C@H]2O)ccc1CCS(=O)CCCN=C=S,candidate,reinvent_generated,PTGS2,0.1216,0.1216,False,Ibuprofen (CID 3672),ligand_based_similarity_tanimoto_morgan2_2048_self_debias
GEN_0219,CN(C)c1cc2sc3cc(=[N+](C)C)ccc-3nc2cc1CCS(=O)CCCN=C=S.[Cl-],candidate,reinvent_generated,PTGS2,0.1209,0.1209,False,Etoricoxib (CID 123619),ligand_based_similarity_tanimoto_morgan2_2048_self_debias
Naltrexone (low-dose),O=C1CC[C@@]2(O)[C@H]3Cc4ccc(O)c5c4[C@@]2(CCN3CC2CC2)[C@H]1O5,maintenance,library,PTGS2,0.12,0.12,False,Curcumin (CID 969516),ligand_based_similarity_tanimoto_morgan2_2048_self_debias
GEN_0270,CCOC(=O)N1CCC(=C2c3ncccc3CCc3cc(Cl)cc(CCS(=O)CCCN=C=S)c32)CC1,candidate,reinvent_generated,PTGS2,0.12,0.12,False,Etoricoxib (CID 123619),ligand_based_similarity_tanimoto_morgan2_2048_self_debias
GEN_0245,C[C@@H]1O[C@@H](Oc2c(-c3cc(O)c(O)c(O)c3CCS(=O)CCCN=C=S)oc3cc(O)cc(O)c3c2=O)[C@H](O)[C@H](O)[C@H]1O,candidate,reinvent_generated,PTGS2,0.1196,0.1196,False,Curcumin (CID 969516),ligand_based_similarity_tanimoto_morgan2_2048_self_debias
GEN_0149,CCS(=O)CCCCC#N,candidate,reinvent_generated,PTGS2,0.119,0.119,False,Ibuprofen (CID 3672),ligand_based_similarity_tanimoto_morgan2_2048_self_debias
GEN_0276,C=C(C)[C@@H]1CCC(C)=C[C@H]1c1c(O)cc(CCC)c(CCS(=O)CCCN=C=S)c1O,candidate,reinvent_generated,PTGS2,0.119,0.119,False,Curcumin (CID 969516),ligand_based_similarity_tanimoto_morgan2_2048_self_debias
GEN_0192,O=c1c(CCS(=O)CCCN=C=S)c(-c2ccc(O)cc2)oc2cc(O)cc(O)c12,candidate,reinvent_generated,PTGS2,0.1184,0.1184,False,Curcumin (CID 969516),ligand_based_similarity_tanimoto_morgan2_2048_self_debias
GEN_0258,Nc1ccc(N=Nc2cccc(N=Nc3c(N)cc(N)cc3CCS(=O)CCCN=C=S)c2)c(N)c1,candidate,reinvent_generated,PTGS2,0.1184,0.1184,False,Curcumin (CID 969516),ligand_based_similarity_tanimoto_morgan2_2048_self_debias
Cannabicyclol,CC(C)C(NCCNC(C(C)C)C(C)C)C(C)C,maintenance,library,PTGS2,0.1176,0.1176,False,Ibuprofen (CID 3672),ligand_based_similarity_tanimoto_morgan2_2048_self_debias
GEN_0161,O=S(CCCN=C=S)CCc1ccccc1CCN=C=S,candidate,reinvent_generated,PTGS2,0.1176,0.1176,False,Aspirin (CID 2244),ligand_based_similarity_tanimoto_morgan2_2048_self_debias
GEN_0228,CCCCCc1c(CCS(=O)CCCN=C=S)c2c(c(O)c1C(=O)O)[C@@H]1C=C(C)CC[C@H]1C(C)(C)O2,candidate,reinvent_generated,PTGS2,0.1176,0.1176,False,Ibuprofen (CID 3672),ligand_based_similarity_tanimoto_morgan2_2048_self_debias
GEN_0262,O=C(O[C@@H]1Cc2c(cc(O)c(CCS(=O)CCCN=C=S)c2O)O[C@@H]1c1cc(O)c(O)c(O)c1)c1cc(O)c(O)c(O)c1,candidate,reinvent_generated,PTGS2,0.1176,0.1176,False,Curcumin (CID 969516),ligand_based_similarity_tanimoto_morgan2_2048_self_debias
GEN_0264,O=C(O[C@@H]1Cc2c(O)cc(O)c(CCS(=O)CCCN=C=S)c2O[C@@H]1c1cc(O)c(O)c(O)c1)c1cc(O)c(O)c(O)c1,candidate,reinvent_generated,PTGS2,0.1176,0.1176,False,Curcumin (CID 969516),ligand_based_similarity_tanimoto_morgan2_2048_self_debias
GEN_0210,O=c1c(O)c(-c2cc(O)c(O)cc2CCS(=O)CCCN=C=S)oc2cc(O)ccc12,candidate,reinvent_generated,PTGS2,0.1169,0.1169,False,Curcumin (CID 969516),ligand_based_similarity_tanimoto_morgan2_2048_self_debias
D-Limonene,C=C(C)C1CC=C(C)CC1,maintenance,library,PTGS2,0.1163,0.1163,False,Aspirin (CID 2244),ligand_based_similarity_tanimoto_morgan2_2048_self_debias
GEN_0256,C=C(C)[C@@H]1CCC(C)=C[C@H]1c1c(O)cc(CCCCC)c(CCS(=O)CCCN=C=S)c1O,candidate,reinvent_generated,PTGS2,0.1163,0.1163,False,Curcumin (CID 969516),ligand_based_similarity_tanimoto_morgan2_2048_self_debias
GEN_0275,CCCCCc1cc2c(c(O)c1CCS(=O)CCCN=C=S)C=CC(C)(CCC=C(C)C)O2,candidate,reinvent_generated,PTGS2,0.1163,0.1163,False,Curcumin (CID 969516),ligand_based_similarity_tanimoto_morgan2_2048_self_debias
GEN_0181,O=c1cc(-c2ccccc2CCS(=O)CCCN=C=S)oc2cc(O)cc(O)c12,candidate,reinvent_generated,PTGS2,0.1154,0.1154,False,Curcumin (CID 969516),ligand_based_similarity_tanimoto_morgan2_2048_self_debias
GEN_0197,O=c1c(O)c(-c2ccccc2CCS(=O)CCCN=C=S)oc2cc(O)cc(O)c12,candidate,reinvent_generated,PTGS2,0.1154,0.1154,False,Curcumin (CID 969516),ligand_based_similarity_tanimoto_morgan2_2048_self_debias
GEN_0198,O=c1cc(-c2ccc(O)cc2CCS(=O)CCCN=C=S)oc2cc(O)cc(O)c12,candidate,reinvent_generated,PTGS2,0.1154,0.1154,False,Curcumin (CID 969516),ligand_based_similarity_tanimoto_morgan2_2048_self_debias
GEN_0206,O=c1c(O)c(-c2ccc(O)cc2CCS(=O)CCCN=C=S)oc2cc(O)cc(O)c12,candidate,reinvent_generated,PTGS2,0.1154,0.1154,False,Curcumin (CID 969516),ligand_based_similarity_tanimoto_morgan2_2048_self_debias
GEN_0208,O=c1cc(-c2ccccc2CCS(=O)CCCN=C=S)oc2cc(O)c(O)c(O)c12,candidate,reinvent_generated,PTGS2,0.1154,0.1154,False,Curcumin (CID 969516),ligand_based_similarity_tanimoto_morgan2_2048_self_debias
GEN_0273,CCCc1cc2c(c(O)c1CCS(=O)CCCN=C=S)[C@@H]1C=C(C)CC[C@H]1C(C)(C)O2,candidate,reinvent_generated,PTGS2,0.1149,0.1149,False,Curcumin (CID 969516),ligand_based_similarity_tanimoto_morgan2_2048_self_debias
Testosterone,C[C@]12CC[C@H]3[C@@H](CCC4=CC(=O)CC[C@@]43C)[C@@H]1CC[C@@H]2O,maintenance,library,PTGS2,0.1148,0.1148,False,Naproxen (CID 156391),ligand_based_similarity_tanimoto_morgan2_2048_self_debias
GEN_0186,CN1CCC(=C2c3cc(CCS(=O)CCCN=C=S)ccc3CC(=O)c3sccc32)CC1,candidate,reinvent_generated,PTGS2,0.1139,0.1139,False,Ibuprofen (CID 3672),ligand_based_similarity_tanimoto_morgan2_2048_self_debias
GEN_0217,O=c1c(O)c(-c2cc(O)c(O)c(CCS(=O)CCCN=C=S)c2)oc2cc(O)ccc12,candidate,reinvent_generated,PTGS2,0.1139,0.1139,False,Curcumin (CID 969516),ligand_based_similarity_tanimoto_morgan2_2048_self_debias
Biotin,O=C(O)CCCC[C@@H]1SC[C@@H]2NC(=O)N[C@@H]21,maintenance,library,PTGS2,0.1132,0.1132,False,Ibuprofen (CID 3672),ligand_based_similarity_tanimoto_morgan2_2048_self_debias
GEN_0160,O=S(CCCN=C=S)CCc1ccccc1CN=C=S,candidate,reinvent_generated,PTGS2,0.1132,0.1132,False,Aspirin (CID 2244),ligand_based_similarity_tanimoto_morgan2_2048_self_debias
GEN_0239,CCCCCc1cc2c(c(O)c1CCS(=O)CCCN=C=S)[C@@H]1C=C(C)CC[C@H]1C(C)(C)O2,candidate,reinvent_generated,PTGS2,0.1124,0.1124,False,Curcumin (CID 969516),ligand_based_similarity_tanimoto_morgan2_2048_self_debias
GEN_0272,CCCCCc1cc2c(c(O)c1CCS(=O)CCCN=C=S)C1C=C(C)CCC1C(C)(C)O2,candidate,reinvent_generated,PTGS2,0.1124,0.1124,False,Curcumin (CID 969516),ligand_based_similarity_tanimoto_morgan2_2048_self_debias
Ascorbic acid,O=C1O[C@H]([C@@H](O)CO)C(O)=C1O,rescue,library,PTGS2,0.1111,0.1111,False,Ibuprofen (CID 3672),ligand_based_similarity_tanimoto_morgan2_2048_self_debias
GEN_0194,O=C1CC(c2ccc(O)cc2CCS(=O)CCCN=C=S)Oc2cc(O)cc(O)c21,candidate,reinvent_generated,PTGS2,0.1111,0.1111,False,Curcumin (CID 969516),ligand_based_similarity_tanimoto_morgan2_2048_self_debias
GEN_0277,NC(=O)c1cc(CCS(=O)CCCN=C=S)c[n+]([C@@H]2O[C@H](COP(=O)([O-])O)[C@@H](O)[C@H]2O)c1,candidate,reinvent_generated,PTGS2,0.1098,0.1098,False,Ibuprofen (CID 3672),ligand_based_similarity_tanimoto_morgan2_2048_self_debias
GEN_0168,CS(=O)(=O)CCCC#N,candidate,reinvent_generated,PTGS2,0.1087,0.1087,False,Rofecoxib (CID 5090),ligand_based_similarity_tanimoto_morgan2_2048_self_debias
GEN_0218,CN(C)c1cc(CCS(=O)CCCN=C=S)c2nc3ccc(=[N+](C)C)cc-3sc2c1.[Cl-],candidate,reinvent_generated,PTGS2,0.1087,0.1087,False,Etoricoxib (CID 123619),ligand_based_similarity_tanimoto_morgan2_2048_self_debias
GEN_0274,NC(=O)c1c[n+]([C@@H]2O[C@H](COP(=O)([O-])O)[C@@H](O)[C@H]2O)ccc1CCS(=O)CCCN=C=S,candidate,reinvent_generated,PTGS2,0.1084,0.1084,False,Ibuprofen (CID 3672),ligand_based_similarity_tanimoto_morgan2_2048_self_debias
Famotidine,NC(N)=Nc1nc(CSCCC(N)=NS(N)(=O)=O)cs1,rescue,library,PTGS2,0.1081,0.1081,False,Celecoxib (CID 2662),ligand_based_similarity_tanimoto_morgan2_2048_self_debias
Calcitriol,C=C1/C(=C\C=C2/CCC[C@]3(C)[C@@H]([C@H](C)CCCC(C)(C)O)CC[C@@H]23)C[C@@H](O)C[C@@H]1O,maintenance,library,PTGS2,0.1081,0.1081,False,Ibuprofen (CID 3672),ligand_based_similarity_tanimoto_morgan2_2048_self_debias
GEN_0244,CCCCCc1cc2c(c(O)c1CCS(=O)CCCN=C=S)-c1cc(C)ccc1C(C)(C)O2,candidate,reinvent_generated,PTGS2,0.1075,0.1075,False,Celecoxib (CID 2662),ligand_based_similarity_tanimoto_morgan2_2048_self_debias
GEN_0156,CS(=O)(=O)/C=C/CCC#N,candidate,reinvent_generated,PTGS2,0.1071,0.1071,False,Celecoxib (CID 2662),ligand_based_similarity_tanimoto_morgan2_2048_self_debias
GEN_0257,O=c1oc2c(O)c(O)c(CCS(=O)CCCN=C=S)c3c(=O)oc4c(O)c(O)cc1c4c23,candidate,reinvent_generated,PTGS2,0.1067,0.1067,False,Curcumin (CID 969516),ligand_based_similarity_tanimoto_morgan2_2048_self_debias
Alpha-lipoic acid,O=C(O)CCCCC1CCSS1,maintenance,library,PTGS2,0.1064,0.1064,False,Ibuprofen (CID 3672),ligand_based_similarity_tanimoto_morgan2_2048_self_debias
GEN_0164,CS(=O)(=O)CCCCC#N,candidate,reinvent_generated,PTGS2,0.1064,0.1064,False,Rofecoxib (CID 5090),ligand_based_similarity_tanimoto_morgan2_2048_self_debias
Glucoraphanin,CS(=O)CCCC/C(=N\OS(=O)(=O)O)S[C@@H]1O[C@H](CO)[C@@H](O)[C@H](O)[C@H]1O,remission,library,PTGS2,0.1061,0.1061,False,Ibuprofen (CID 3672),ligand_based_similarity_tanimoto_morgan2_2048_self_debias
Betulinic acid,C=C(C)[C@@H]1CC[C@]2(C(=O)O)CC[C@]3(C)[C@H](CC[C@@H]4[C@@]5(C)CC[C@H](O)C(C)(C)[C@@H]5CC[C@]43C)[C@@H]12,remission,library,PTGS2,0.1045,0.1045,False,Ibuprofen (CID 3672),ligand_based_similarity_tanimoto_morgan2_2048_self_debias
Linalool,C=CC(C)(O)CCC=C(C)C,maintenance,library,PTGS2,0.1042,0.1042,False,Curcumin (CID 969516),ligand_based_similarity_tanimoto_morgan2_2048_self_debias
GEN_0209,O=c1cc(-c2cc(O)c(O)cc2CCS(=O)CCCN=C=S)oc2cc(O)cc(O)c12,candidate,reinvent_generated,PTGS2,0.1039,0.1039,False,Curcumin (CID 969516),ligand_based_similarity_tanimoto_morgan2_2048_self_debias
GEN_0215,O=c1c(O)c(-c2cc(O)c(O)cc2CCS(=O)CCCN=C=S)oc2cc(O)cc(O)c12,candidate,reinvent_generated,PTGS2,0.1039,0.1039,False,Curcumin (CID 969516),ligand_based_similarity_tanimoto_morgan2_2048_self_debias
GEN_0187,CN1CCC(=C2c3ccsc3C(=O)Cc3cccc(CCS(=O)CCCN=C=S)c32)CC1,candidate,reinvent_generated,PTGS2,0.1034,0.1034,False,Rofecoxib (CID 5090),ligand_based_similarity_tanimoto_morgan2_2048_self_debias
GEN_0220,O=c1c(O)c(-c2cc(O)c(O)c(CCS(=O)CCCN=C=S)c2)oc2cc(O)cc(O)c12,candidate,reinvent_generated,PTGS2,0.1026,0.1026,False,Curcumin (CID 969516),ligand_based_similarity_tanimoto_morgan2_2048_self_debias
GEN_0240,O=c1c(O)c(-c2cc(O)c(O)c(O)c2CCS(=O)CCCN=C=S)oc2cc(O)cc(O)c12,candidate,reinvent_generated,PTGS2,0.1026,0.1026,False,Curcumin (CID 969516),ligand_based_similarity_tanimoto_morgan2_2048_self_debias
GEN_0144,CS(=O)(=O)CCCN=C=S,candidate,reinvent_generated,PTGS2,0.102,0.102,False,Rofecoxib (CID 5090),ligand_based_similarity_tanimoto_morgan2_2048_self_debias
GEN_0170,CS(=O)(=O)CCCSC#N,candidate,reinvent_generated,PTGS2,0.102,0.102,False,Rofecoxib (CID 5090),ligand_based_similarity_tanimoto_morgan2_2048_self_debias
Geraniol,CC(C)=CCC/C(C)=C/CO,maintenance,library,PTGS2,0.1,0.1,False,Ibuprofen (CID 3672),ligand_based_similarity_tanimoto_morgan2_2048_self_debias
GEN_0125,CS(=O)CCCC#N,candidate,reinvent_generated,PTGS2,0.1,0.1,False,Ibuprofen (CID 3672),ligand_based_similarity_tanimoto_morgan2_2048_self_debias
GEN_0141,CS(=O)(=O)CCCCN=C=S,candidate,reinvent_generated,PTGS2,0.1,0.1,False,Rofecoxib (CID 5090),ligand_based_similarity_tanimoto_morgan2_2048_self_debias
GEN_0162,CS(=O)(=O)CCCCSC#N,candidate,reinvent_generated,PTGS2,0.1,0.1,False,Rofecoxib (CID 5090),ligand_based_similarity_tanimoto_morgan2_2048_self_debias
NAD+,NC(=O)c1ccc[n+](C2OC(COP(=O)([O-])OP(=O)(O)OCC3OC(n4cnc5c(N)ncnc54)C(O)C3O)C(O)C2O)c1,maintenance,library,PTGS2,0.0989,0.0989,False,Ibuprofen (CID 3672),ligand_based_similarity_tanimoto_morgan2_2048_self_debias
GEN_0214,CN/C(=C\[N+](=O)[O-])NCCSCc1cc(CCS(=O)CCCN=C=S)c(CN(C)C)o1,candidate,reinvent_generated,PTGS2,0.0989,0.0989,False,Curcumin (CID 969516),ligand_based_similarity_tanimoto_morgan2_2048_self_debias
GEN_0216,CN/C(=C\[N+](=O)[O-])NCCSCc1oc(CN(C)C)cc1CCS(=O)CCCN=C=S,candidate,reinvent_generated,PTGS2,0.0989,0.0989,False,Curcumin (CID 969516),ligand_based_similarity_tanimoto_morgan2_2048_self_debias
Lycopodine,Nc1ccc(N=Nc2cccc(N=Nc3ccc(N)cc3N)c2)c(N)c1,maintenance,library,PTGS2,0.098,0.098,False,Curcumin (CID 969516),ligand_based_similarity_tanimoto_morgan2_2048_self_debias
GEN_0145,CS(=O)(=O)CCCCCN=C=S,candidate,reinvent_generated,PTGS2,0.098,0.098,False,Rofecoxib (CID 5090),ligand_based_similarity_tanimoto_morgan2_2048_self_debias
Beta-myrcene,C=CC(=C)CCC=C(C)C,maintenance,library,PTGS2,0.0976,0.0976,False,Ibuprofen (CID 3672),ligand_based_similarity_tanimoto_morgan2_2048_self_debias
GEN_0115,CS(=O)CCCCC#N,candidate,reinvent_generated,PTGS2,0.0976,0.0976,False,Ibuprofen (CID 3672),ligand_based_similarity_tanimoto_morgan2_2048_self_debias
GEN_0130,CS(=O)(=O)/C=C/CCN=C=S,candidate,reinvent_generated,PTGS2,0.0962,0.0962,False,Rofecoxib (CID 5090),ligand_based_similarity_tanimoto_morgan2_2048_self_debias
GEN_0167,CS(=O)(=O)/C=C/CCSC#N,candidate,reinvent_generated,PTGS2,0.0962,0.0962,False,Rofecoxib (CID 5090),ligand_based_similarity_tanimoto_morgan2_2048_self_debias
GEN_0117,CS(=O)CCCCCC#N,candidate,reinvent_generated,PTGS2,0.0952,0.0952,False,Ibuprofen (CID 3672),ligand_based_similarity_tanimoto_morgan2_2048_self_debias
GEN_0246,CC(C)c1c(O)c(O)c2c(c1CCS(=O)CCCN=C=S)[C@@H]1C[C@H]3C(C)(C)CCC[C@]23C(=O)O1,candidate,reinvent_generated,PTGS2,0.0952,0.0952,False,Ibuprofen (CID 3672),ligand_based_similarity_tanimoto_morgan2_2048_self_debias
Nerolidol,C=CC(C)(O)CC/C=C(\C)CCC=C(C)C,maintenance,library,PTGS2,0.0926,0.0926,False,Curcumin (CID 969516),ligand_based_similarity_tanimoto_morgan2_2048_self_debias
GEN_0237,Nc1ccc(N=Nc2cccc(N=Nc3cc(CCS(=O)CCCN=C=S)c(N)cc3N)c2)c(N)c1,candidate,reinvent_generated,PTGS2,0.0921,0.0921,False,Curcumin (CID 969516),ligand_based_similarity_tanimoto_morgan2_2048_self_debias
Beta-caryophyllene,C=C1CC/C=C(\C)CC[C@@H]2[C@@H]1CC2(C)C,maintenance,library,PTGS2,0.0893,0.0893,False,Curcumin (CID 969516),ligand_based_similarity_tanimoto_morgan2_2048_self_debias
GEN_0118,CCS(=O)CCCN=C=S,candidate,reinvent_generated,PTGS2,0.0889,0.0889,False,Ibuprofen (CID 3672),ligand_based_similarity_tanimoto_morgan2_2048_self_debias
GEN_0169,CCS(=O)CCCSC#N,candidate,reinvent_generated,PTGS2,0.0889,0.0889,False,Ibuprofen (CID 3672),ligand_based_similarity_tanimoto_morgan2_2048_self_debias
GEN_0114,CCS(=O)CCCCN=C=S,candidate,reinvent_generated,PTGS2,0.087,0.087,False,Ibuprofen (CID 3672),ligand_based_similarity_tanimoto_morgan2_2048_self_debias
GEN_0165,CCS(=O)CCCCSC#N,candidate,reinvent_generated,PTGS2,0.087,0.087,False,Ibuprofen (CID 3672),ligand_based_similarity_tanimoto_morgan2_2048_self_debias
GEN_0121,CCS(=O)CCCCCN=C=S,candidate,reinvent_generated,PTGS2,0.0851,0.0851,False,Ibuprofen (CID 3672),ligand_based_similarity_tanimoto_morgan2_2048_self_debias
Ivermectin,CC[C@H](C)[C@H]1O[C@]2(CC[C@@H]1C)C[C@@H]1C[C@@H](C/C=C(\C)[C@@H](O[C@H]3C[C@H](OC)[C@@H](O[C@H]4C[C@H](OC)[C@@H](O)[C@H](C)O4)[C@H](C)O3)[C@@H](C)/C=C/C=C3\CO[C@@H]4[C@H](O)C(C)=C[C@@H](C(=O)O1)[C@]34O)O2,maintenance,library,PTGS2,0.0847,0.0847,False,Naproxen (CID 156391),ligand_based_similarity_tanimoto_morgan2_2048_self_debias
Taurine,NCCS(=O)(=O)O,maintenance,library,PTGS2,0.0833,0.0833,False,Ibuprofen (CID 3672),ligand_based_similarity_tanimoto_morgan2_2048_self_debias
Iberin,CS(=O)CCCN=C=S,remission,library,PTGS2,0.0816,0.0816,False,Curcumin (CID 969516),ligand_based_similarity_tanimoto_morgan2_2048_self_debias
GEN_0113,CS(=O)/C=C/CCC#N,candidate,reinvent_generated,PTGS2,0.0816,0.0816,False,Curcumin (CID 969516),ligand_based_similarity_tanimoto_morgan2_2048_self_debias
GEN_0138,CS(=O)CCCSC#N,candidate,reinvent_generated,PTGS2,0.0816,0.0816,False,Curcumin (CID 969516),ligand_based_similarity_tanimoto_morgan2_2048_self_debias
GEN_0235,O=C1CC[C@@]2(O)[C@H]3Cc4c(CCS(=O)CCCN=C=S)cc(O)c5c4[C@@]2(CCN3CC2CC2)[C@H]1O5,candidate,reinvent_generated,PTGS2,0.0816,0.0816,False,Curcumin (CID 969516),ligand_based_similarity_tanimoto_morgan2_2048_self_debias
Sulforaphane,CS(=O)CCCCN=C=S,remission,library,PTGS2,0.08,0.08,False,Curcumin (CID 969516),ligand_based_similarity_tanimoto_morgan2_2048_self_debias
Alpha-pinene,CC1=CCC2CC1C2(C)C,maintenance,library,PTGS2,0.08,0.08,False,Rofecoxib (CID 5090),ligand_based_similarity_tanimoto_morgan2_2048_self_debias
GEN_0131,CS(=O)CCCCSC#N,candidate,reinvent_generated,PTGS2,0.08,0.08,False,Curcumin (CID 969516),ligand_based_similarity_tanimoto_morgan2_2048_self_debias
GEN_0110,CS(=O)CCCCCN=C=S,candidate,reinvent_generated,PTGS2,0.0784,0.0784,False,Curcumin (CID 969516),ligand_based_similarity_tanimoto_morgan2_2048_self_debias
GEN_0133,CS(=O)CCCCCSC#N,candidate,reinvent_generated,PTGS2,0.0784,0.0784,False,Curcumin (CID 969516),ligand_based_similarity_tanimoto_morgan2_2048_self_debias
GEN_0140,CCS(=O)(=O)CCCN=C=S,candidate,reinvent_generated,PTGS2,0.0784,0.0784,False,Rofecoxib (CID 5090),ligand_based_similarity_tanimoto_morgan2_2048_self_debias
GEN_0142,CCS(=O)/C=C/CCC#N,candidate,reinvent_generated,PTGS2,0.0784,0.0784,False,Curcumin (CID 969516),ligand_based_similarity_tanimoto_morgan2_2048_self_debias
Sulforaphene,CS(=O)/C=C/CCN=C=S,remission,library,PTGS2,0.0769,0.0769,False,Curcumin (CID 969516),ligand_based_similarity_tanimoto_morgan2_2048_self_debias
GEN_0123,CS(=O)/C=C/CCSC#N,candidate,reinvent_generated,PTGS2,0.0769,0.0769,False,Curcumin (CID 969516),ligand_based_similarity_tanimoto_morgan2_2048_self_debias
GEN_0129,CSCCCC#N,candidate,reinvent_generated,PTGS2,0.0769,0.0769,False,Ibuprofen (CID 3672),ligand_based_similarity_tanimoto_morgan2_2048_self_debias
GEN_0139,CCS(=O)(=O)CCCCN=C=S,candidate,reinvent_generated,PTGS2,0.0769,0.0769,False,Rofecoxib (CID 5090),ligand_based_similarity_tanimoto_morgan2_2048_self_debias
Alpha-humulene,C/C1=C\CC/C(C)=C/CC(C)(C)/C=C/C1,maintenance,library,PTGS2,0.0755,0.0755,False,Curcumin (CID 969516),ligand_based_similarity_tanimoto_morgan2_2048_self_debias
GEN_0128,CCS(=O)(=O)/C=C/CCN=C=S,candidate,reinvent_generated,PTGS2,0.0755,0.0755,False,Curcumin (CID 969516),ligand_based_similarity_tanimoto_morgan2_2048_self_debias
GEN_0252,O=C1CC[C@@]2(O)[C@H]3Cc4cc(CCS(=O)CCCN=C=S)c(O)c5c4[C@@]2(CCN3CC2CC2)[C@H]1O5,candidate,reinvent_generated,PTGS2,0.0753,0.0753,False,Ibuprofen (CID 3672),ligand_based_similarity_tanimoto_morgan2_2048_self_debias
GEN_0119,CSCCCCC#N,candidate,reinvent_generated,PTGS2,0.075,0.075,False,Ibuprofen (CID 3672),ligand_based_similarity_tanimoto_morgan2_2048_self_debias
GEN_0225,NC(N)=Nc1nc(CSCCC(N)=NS(N)(=O)=O)c(CCS(=O)CCCN=C=S)s1,candidate,reinvent_generated,PTGS2,0.0745,0.0745,False,Celecoxib (CID 2662),ligand_based_similarity_tanimoto_morgan2_2048_self_debias
GEN_0112,CCS(=O)/C=C/CCN=C=S,candidate,reinvent_generated,PTGS2,0.0741,0.0741,False,Curcumin (CID 969516),ligand_based_similarity_tanimoto_morgan2_2048_self_debias
GEN_0155,CCS(=O)/C=C/CCSC#N,candidate,reinvent_generated,PTGS2,0.0741,0.0741,False,Curcumin (CID 969516),ligand_based_similarity_tanimoto_morgan2_2048_self_debias
GEN_0120,CSCCCCCC#N,candidate,reinvent_generated,PTGS2,0.0732,0.0732,False,Ibuprofen (CID 3672),ligand_based_similarity_tanimoto_morgan2_2048_self_debias
Eucalyptol,CC12CCC(CC1)C(C)(C)O2,maintenance,library,PTGS2,0.0638,0.0638,False,Rofecoxib (CID 5090),ligand_based_similarity_tanimoto_morgan2_2048_self_debias
GEN_0166,CS/C=C/CCC#N,candidate,reinvent_generated,PTGS2,0.0625,0.0625,False,Curcumin (CID 969516),ligand_based_similarity_tanimoto_morgan2_2048_self_debias
Lupeol,C=C(C)[C@@H]1CC[C@]2(C)CC[C@]3(C)[C@H](CC[C@@H]4[C@@]5(C)CC[C@H](O)C(C)(C)[C@@H]5CC[C@]43C)[C@@H]12,remission,library,PTGS2,0.0615,0.0615,False,Ibuprofen (CID 3672),ligand_based_similarity_tanimoto_morgan2_2048_self_debias
GEN_0171,CS/C=C/CCSC#N,candidate,reinvent_generated,PTGS2,0.06,0.06,False,Curcumin (CID 969516),ligand_based_similarity_tanimoto_morgan2_2048_self_debias
Beta-pinene,C=C1CCC2CC1C2(C)C,maintenance,library,PTGS2,0.0588,0.0588,False,Rofecoxib (CID 5090),ligand_based_similarity_tanimoto_morgan2_2048_self_debias
GEN_0137,CS/C=C/CCN=C=S,candidate,reinvent_generated,PTGS2,0.0588,0.0588,False,Curcumin (CID 969516),ligand_based_similarity_tanimoto_morgan2_2048_self_debias
GEN_0143,CCS/C=C/CCN=C=S,candidate,reinvent_generated,PTGS2,0.0566,0.0566,False,Curcumin (CID 969516),ligand_based_similarity_tanimoto_morgan2_2048_self_debias
GEN_0122,CSCCCCSC#N,candidate,reinvent_generated,PTGS2,0.05,0.05,False,Aspirin (CID 2244),ligand_based_similarity_tanimoto_morgan2_2048_self_debias
GEN_0135,CSCCCSC#N,candidate,reinvent_generated,PTGS2,0.05,0.05,False,Aspirin (CID 2244),ligand_based_similarity_tanimoto_morgan2_2048_self_debias
GEN_0127,CSCCCCCSC#N,candidate,reinvent_generated,PTGS2,0.0488,0.0488,False,Aspirin (CID 2244),ligand_based_similarity_tanimoto_morgan2_2048_self_debias
GEN_0158,C=CCC#N,candidate,reinvent_generated,PTGS2,0.0476,0.0476,False,Curcumin (CID 969516),ligand_based_similarity_tanimoto_morgan2_2048_self_debias
GEN_0111,CSCCCN=C=S,candidate,reinvent_generated,PTGS2,0.0465,0.0465,False,Ibuprofen (CID 3672),ligand_based_similarity_tanimoto_morgan2_2048_self_debias
Erucin,CSCCCCN=C=S,remission,library,PTGS2,0.0455,0.0455,False,Ibuprofen (CID 3672),ligand_based_similarity_tanimoto_morgan2_2048_self_debias
Allyl isothiocyanate,C=CCN=C=S,remission,library,PTGS2,0.0444,0.0444,False,Curcumin (CID 969516),ligand_based_similarity_tanimoto_morgan2_2048_self_debias
GEN_0109,CSCCCCCN=C=S,candidate,reinvent_generated,PTGS2,0.0444,0.0444,False,Ibuprofen (CID 3672),ligand_based_similarity_tanimoto_morgan2_2048_self_debias
GEN_0126,CCSCCCN=C=S,candidate,reinvent_generated,PTGS2,0.0444,0.0444,False,Ibuprofen (CID 3672),ligand_based_similarity_tanimoto_morgan2_2048_self_debias
GEN_0172,C=CCSC#N,candidate,reinvent_generated,PTGS2,0.0444,0.0444,False,Curcumin (CID 969516),ligand_based_similarity_tanimoto_morgan2_2048_self_debias
GEN_0116,CCSCCCCN=C=S,candidate,reinvent_generated,PTGS2,0.0435,0.0435,False,Ibuprofen (CID 3672),ligand_based_similarity_tanimoto_morgan2_2048_self_debias
